{
  "dataAPI": {
    "surveys": {
      "tokyodev": {
        "td2024": {
          "employer_info": {
            "current_employer_vs_salary": {
              "responses": {
                "currentEdition": {
                  "completion": {
                    "count": 706,
                    "percentageSurvey": 86.73,
                    "total": 814
                  },
                  "buckets": [
                    {
                      "count": 42,
                      "id": "international_company",
                      "percentageQuestion": 5.95,
                      "percentageSurvey": 5.16,
                      "averageByFacet": 14705128.2,
                      "percentilesByFacet": {
                        "p0": 500000,
                        "p10": 5500000,
                        "p25": 8500000,
                        "p50": 12500000,
                        "p75": 20000000,
                        "p90": 26300000.00000001,
                        "p100": 29500000
                      },
                      "facetBuckets": [
                        {
                          "id": "insufficient_data",
                          "count": 45,
                          "percentageBucket": 107
                        }
                      ]
                    },
                    {
                      "count": 131,
                      "id": "japanese_subsidiary",
                      "percentageQuestion": 18.56,
                      "percentageSurvey": 16.09,
                      "averageByFacet": 14548780.5,
                      "percentilesByFacet": {
                        "p0": 500000,
                        "p10": 6500000,
                        "p25": 8500000,
                        "p50": 12500000,
                        "p75": 20500000,
                        "p90": 28699999.99999999,
                        "p100": 29500000
                      },
                      "facetBuckets": [
                        {
                          "id": "range_6000000_to_8999999",
                          "count": 27,
                          "percentageBucket": 20.61
                        },
                        {
                          "id": "range_9000000_to_11999999",
                          "count": 21,
                          "percentageBucket": 16.03
                        },
                        {
                          "id": "range_12000000_to_14999999",
                          "count": 15,
                          "percentageBucket": 11.45
                        },
                        {
                          "id": "range_15000000_to_19999999",
                          "count": 15,
                          "percentageBucket": 11.44
                        },
                        {
                          "id": "range_over_20000000",
                          "count": 21,
                          "percentageBucket": 16.03
                        },
                        {
                          "id": "insufficient_data",
                          "count": 40,
                          "percentageBucket": 31
                        }
                      ]
                    },
                    {
                      "count": 501,
                      "id": "japanese_company",
                      "percentageQuestion": 70.96,
                      "percentageSurvey": 61.55,
                      "averageByFacet": 9168076.1,
                      "percentilesByFacet": {
                        "p0": 500000,
                        "p10": 4500000,
                        "p25": 5500000,
                        "p50": 8500000,
                        "p75": 11500000,
                        "p90": 15500000,
                        "p100": 29500000
                      },
                      "facetBuckets": [
                        {
                          "id": "range_under_2999999",
                          "count": 17,
                          "percentageBucket": 3.4
                        },
                        {
                          "id": "range_3000000_to_5999999",
                          "count": 105,
                          "percentageBucket": 20.96
                        },
                        {
                          "id": "range_6000000_to_8999999",
                          "count": 153,
                          "percentageBucket": 30.54
                        },
                        {
                          "id": "range_9000000_to_11999999",
                          "count": 99,
                          "percentageBucket": 19.75
                        },
                        {
                          "id": "range_12000000_to_14999999",
                          "count": 50,
                          "percentageBucket": 9.98
                        },
                        {
                          "id": "range_15000000_to_19999999",
                          "count": 31,
                          "percentageBucket": 6.19
                        },
                        {
                          "id": "range_over_20000000",
                          "count": 11,
                          "percentageBucket": 2.2
                        },
                        {
                          "id": "no_answer",
                          "count": 28,
                          "percentageBucket": 5.59
                        },
                        {
                          "id": "insufficient_data",
                          "count": 7,
                          "percentageBucket": 1
                        }
                      ]
                    },
                    {
                      "count": 672,
                      "id": "overall",
                      "percentageQuestion": 95.18,
                      "percentageSurvey": 82.56,
                      "averageByFacet": 10531250,
                      "percentilesByFacet": {
                        "p0": 500000,
                        "p10": 4500000,
                        "p25": 6500000,
                        "p50": 8500000,
                        "p75": 12500000,
                        "p90": 19500000,
                        "p100": 100500000
                      },
                      "facetBuckets": [
                        {
                          "id": "range_under_2999999",
                          "count": 27,
                          "percentageBucket": 4.01
                        },
                        {
                          "id": "range_3000000_to_5999999",
                          "count": 128,
                          "percentageBucket": 19.05
                        },
                        {
                          "id": "range_6000000_to_8999999",
                          "count": 192,
                          "percentageBucket": 28.58
                        },
                        {
                          "id": "range_9000000_to_11999999",
                          "count": 136,
                          "percentageBucket": 20.24
                        },
                        {
                          "id": "range_12000000_to_14999999",
                          "count": 71,
                          "percentageBucket": 10.57
                        },
                        {
                          "id": "range_15000000_to_19999999",
                          "count": 54,
                          "percentageBucket": 8.04
                        },
                        {
                          "id": "range_over_20000000",
                          "count": 40,
                          "percentageBucket": 5.96
                        },
                        {
                          "id": "range_30000000_to_39999999",
                          "count": 15,