{
  "dataAPI": {
    "surveys": {
      "tokyodev": {
        "td2024": {
          "employer_info": {
            "current_employer_vs_salary": {
              "responses": {
                "currentEdition": {
                  "completion": {
                    "count": 409,
                    "percentageSurvey": 89.11,
                    "total": 459
                  },
                  "buckets": [
                    {
                      "count": 24,
                      "id": "international_company",
                      "percentageQuestion": 5.87,
                      "percentageSurvey": 5.23,
                      "averageByFacet": 17413043.5,
                      "percentilesByFacet": {
                        "p0": 4500000,
                        "p10": 8500000,
                        "p25": 10500000,
                        "p50": 15500000,
                        "p75": 25000000,
                        "p90": 29500000,
                        "p100": 29500000
                      },
                      "facetBuckets": [
                        {
                          "id": "insufficient_data",
                          "count": 25,
                          "percentageBucket": 104
                        }
                      ]
                    },
                    {
                      "count": 75,
                      "id": "japanese_subsidiary",
                      "percentageQuestion": 18.34,
                      "percentageSurvey": 16.34,
                      "averageByFacet": 14659420.3,
                      "percentilesByFacet": {
                        "p0": 2500000,
                        "p10": 7300000.000000001,
                        "p25": 8500000,
                        "p50": 12500000,
                        "p75": 20500000,
                        "p90": 24700000.000000004,
                        "p100": 29500000
                      },
                      "facetBuckets": [
                        {
                          "id": "range_6000000_to_8999999",
                          "count": 15,
                          "percentageBucket": 20
                        },
                        {
                          "id": "range_9000000_to_11999999",
                          "count": 12,
                          "percentageBucket": 16
                        },
                        {
                          "id": "range_12000000_to_14999999",
                          "count": 10,
                          "percentageBucket": 13.33
                        },
                        {
                          "id": "range_over_20000000",
                          "count": 15,
                          "percentageBucket": 20
                        },
                        {
                          "id": "insufficient_data",
                          "count": 29,
                          "percentageBucket": 39
                        }
                      ]
                    },
                    {
                      "count": 292,
                      "id": "japanese_company",
                      "percentageQuestion": 71.39,
                      "percentageSurvey": 63.62,
                      "averageByFacet": 8750909.1,
                      "percentilesByFacet": {
                        "p0": 500000,
                        "p10": 3500000,
                        "p25": 5500000,
                        "p50": 8500000,
                        "p75": 10500000,
                        "p90": 14500000,
                        "p100": 29500000
                      },
                      "facetBuckets": [
                        {
                          "id": "range_under_2999999",
                          "count": 13,
                          "percentageBucket": 4.44
                        },
                        {
                          "id": "range_3000000_to_5999999",
                          "count": 60,
                          "percentageBucket": 20.54
                        },
                        {
                          "id": "range_6000000_to_8999999",
                          "count": 93,
                          "percentageBucket": 31.84
                        },
                        {
                          "id": "range_9000000_to_11999999",
                          "count": 62,
                          "percentageBucket": 21.23
                        },
                        {
                          "id": "range_12000000_to_14999999",
                          "count": 27,
                          "percentageBucket": 9.24
                        },
                        {
                          "id": "range_15000000_to_19999999",
                          "count": 13,
                          "percentageBucket": 4.44
                        },
                        {
                          "id": "no_answer",
                          "count": 17,
                          "percentageBucket": 5.82
                        },
                        {
                          "id": "insufficient_data",
                          "count": 7,
                          "percentageBucket": 2
                        }
                      ]
                    },
                    {
                      "count": 390,
                      "id": "overall",
                      "percentageQuestion": 95.35,
                      "percentageSurvey": 84.97,
                      "averageByFacet": 10294871.8,
                      "percentilesByFacet": {
                        "p0": 500000,
                        "p10": 4500000,
                        "p25": 6500000,
                        "p50": 8500000,
                        "p75": 12500000,
                        "p90": 19500000,
                        "p100": 29500000
                      },
                      "facetBuckets": [
                        {
                          "id": "range_under_2999999",
                          "count": 15,
                          "percentageBucket": 3.84
                        },
                        {
                          "id": "range_3000000_to_5999999",
                          "count": 72,
                          "percentageBucket": 18.46
                        },
                        {
                          "id": "range_6000000_to_8999999",
                          "count": 116,
                          "percentageBucket": 29.74
                        },
                        {
                          "id": "range_9000000_to_11999999",
                          "count": 84,
                          "percentageBucket": 21.54
                        },
                        {
                          "id": "range_12000000_to_14999999",
                          "count": 42,
                          "percentageBucket": 10.77
                        },
                        {
                          "id": "range_15000000_to_19999999",
                          "count": 24,
                          "percentageBucket": 6.15
                        },
                        {
                          "id": "range_over_20000000",
                          "count": 25,
                          "percentageBucket": 6.43
                        },
                        {
                          "id": "insufficient_data",
                          "count": 12,
                          "percentageBucket": 3
                        }
                      ]
                    },
                    {
                      "count": 15,
                      "id": "sole_proprietorship",
                      "percentageQuestion": 3.67,
                      "percentageSurvey": 3.27,
                      "averageByFacet": 7576923.1,
                      "percentilesByFacet": {
                        "p0": 2500000,