{
  "dataAPI": {
    "surveys": {
      "tokyodev": {
        "td2024": {
          "employer_info": {
            "remote_work_policy_vs_salary": {
              "responses": {
                "currentEdition": {
                  "completion": {
                    "count": 619,
                    "percentageSurvey": 86.94,
                    "total": 712
                  },
                  "buckets": [
                    {
                      "count": 48,
                      "id": "no_remote_work",
                      "percentageQuestion": 7.75,
                      "percentageSurvey": 6.74,
                      "averageByFacet": 6988372.1,
                      "percentilesByFacet": {
                        "p0": 500000,
                        "p10": 3500000,
                        "p25": 4500000,
                        "p50": 5500000,
                        "p75": 9000000,
                        "p90": 11300000.000000004,
                        "p100": 24500000
                      },
                      "facetBuckets": [
                        {
                          "id": "range_3000000_to_5999999",
                          "count": 20,
                          "percentageBucket": 41.67
                        },
                        {
                          "id": "insufficient_data",
                          "count": 33,
                          "percentageBucket": 69
                        }
                      ]
                    },
                    {
                      "count": 241,
                      "id": "hybrid",
                      "percentageQuestion": 38.93,
                      "percentageSurvey": 33.85,
                      "averageByFacet": 10566079.3,
                      "percentilesByFacet": {
                        "p0": 1500000,
                        "p10": 4500000,
                        "p25": 6500000,
                        "p50": 8500000,
                        "p75": 13000000,
                        "p90": 18900000.000000007,
                        "p100": 29500000
                      },
                      "facetBuckets": [
                        {
                          "id": "range_3000000_to_5999999",
                          "count": 42,
                          "percentageBucket": 17.42
                        },
                        {
                          "id": "range_6000000_to_8999999",
                          "count": 66,
                          "percentageBucket": 27.38
                        },
                        {
                          "id": "range_9000000_to_11999999",
                          "count": 41,
                          "percentageBucket": 17.01
                        },
                        {
                          "id": "range_12000000_to_14999999",
                          "count": 28,
                          "percentageBucket": 11.62
                        },
                        {
                          "id": "range_15000000_to_19999999",
                          "count": 21,
                          "percentageBucket": 8.69
                        },
                        {
                          "id": "range_over_20000000",
                          "count": 16,
                          "percentageBucket": 6.62
                        },
                        {
                          "id": "no_answer",
                          "count": 14,
                          "percentageBucket": 5.81
                        },
                        {
                          "id": "insufficient_data",
                          "count": 13,
                          "percentageBucket": 5
                        }
                      ]
                    },
                    {
                      "count": 230,
                      "id": "up_to_employee",
                      "percentageQuestion": 37.16,
                      "percentageSurvey": 32.3,
                      "averageByFacet": 11281395.3,
                      "percentilesByFacet": {
                        "p0": 500000,
                        "p10": 5500000,
                        "p25": 7500000,
                        "p50": 9500000,
                        "p75": 13500000,
                        "p90": 19500000,
                        "p100": 29500000
                      },
                      "facetBuckets": [
                        {
                          "id": "range_3000000_to_5999999",
                          "count": 26,
                          "percentageBucket": 11.3
                        },
                        {
                          "id": "range_6000000_to_8999999",
                          "count": 59,
                          "percentageBucket": 25.66
                        },
                        {
                          "id": "range_9000000_to_11999999",
                          "count": 55,
                          "percentageBucket": 23.92
                        },
                        {
                          "id": "range_12000000_to_14999999",
                          "count": 28,
                          "percentageBucket": 12.17
                        },
                        {
                          "id": "range_15000000_to_19999999",
                          "count": 21,
                          "percentageBucket": 9.12
                        },
                        {
                          "id": "range_over_20000000",
                          "count": 11,
                          "percentageBucket": 4.76
                        },
                        {
                          "id": "no_answer",
                          "count": 15,
                          "percentageBucket": 6.52
                        },
                        {
                          "id": "insufficient_data",
                          "count": 15,
                          "percentageBucket": 7
                        }
                      ]
                    },
                    {
                      "count": 100,
                      "id": "fully_remote",
                      "percentageQuestion": 16.16,
                      "percentageSurvey": 14.04,
                      "averageByFacet": 10605263.2,
                      "percentilesByFacet": {
                        "p0": 500000,
                        "p10": 4500000,
                        "p25": 6000000,
                        "p50": 8500000,
                        "p75": 12500000,
                        "p90": 20500000,
                        "p100": 29500000
                      },
                      "facetBuckets": [
                        {
                          "id": "range_3000000_to_5999999",
                          "count": 20,
                          "percentageBucket": 20
                        },
                        {
                          "id": "range_6000000_to_8999999",
                          "count": 29,
                          "percentageBucket": 29
                        },
                        {
                          "id": "range_9000000_to_11999999",
                          "count": 16,
                          "percentageBucket": 16
                        },
                        {
                          "id": "insufficient_data",
                          "count": 40,
                          "percentageBucket": 40
                        }
                      ]
                    },
                    {
                      "count": 587,
                      "id": "overall",
                      "percentageQuestion": 94.83,
                      "percentageSurvey": 82.44,
                      "averageByFacet": 10578364.6,
                      "percentilesByFacet": {
                        "p0": 500000,
                        "p10": 4500000,