{
  "dataAPI": {
    "surveys": {
      "tokyodev": {
        "td2024": {
          "employer_info": {
            "remote_work_policy_vs_salary": {
              "responses": {
                "currentEdition": {
                  "completion": {
                    "count": 412,
                    "percentageSurvey": 89.76,
                    "total": 459
                  },
                  "buckets": [
                    {
                      "count": 33,
                      "id": "no_remote_work",
                      "percentageQuestion": 8.01,
                      "percentageSurvey": 7.19,
                      "averageByFacet": 6733333.3,
                      "percentilesByFacet": {
                        "p0": 500000,
                        "p10": 3400000.0000000005,
                        "p25": 3750000,
                        "p50": 5500000,
                        "p75": 8500000,
                        "p90": 11500000,
                        "p100": 24500000
                      },
                      "facetBuckets": [
                        {
                          "id": "range_3000000_to_5999999",
                          "count": 15,
                          "percentageBucket": 45.45
                        },
                        {
                          "id": "insufficient_data",
                          "count": 21,
                          "percentageBucket": 64
                        }
                      ]
                    },
                    {
                      "count": 160,
                      "id": "hybrid",
                      "percentageQuestion": 38.83,
                      "percentageSurvey": 34.86,
                      "averageByFacet": 9905405.4,
                      "percentilesByFacet": {
                        "p0": 1500000,
                        "p10": 4500000,
                        "p25": 6500000,
                        "p50": 8500000,
                        "p75": 11750000,
                        "p90": 17100000.000000022,
                        "p100": 29500000
                      },
                      "facetBuckets": [
                        {
                          "id": "range_3000000_to_5999999",
                          "count": 30,
                          "percentageBucket": 18.76
                        },
                        {
                          "id": "range_6000000_to_8999999",
                          "count": 48,
                          "percentageBucket": 30.01
                        },
                        {
                          "id": "range_9000000_to_11999999",
                          "count": 27,
                          "percentageBucket": 16.88
                        },
                        {
                          "id": "range_12000000_to_14999999",
                          "count": 14,
                          "percentageBucket": 8.75
                        },
                        {
                          "id": "range_over_20000000",
                          "count": 11,
                          "percentageBucket": 6.89
                        },
                        {
                          "id": "no_answer",
                          "count": 12,
                          "percentageBucket": 7.5
                        },
                        {
                          "id": "insufficient_data",
                          "count": 18,
                          "percentageBucket": 11
                        }
                      ]
                    },
                    {
                      "count": 155,
                      "id": "up_to_employee",
                      "percentageQuestion": 37.62,
                      "percentageSurvey": 33.77,
                      "averageByFacet": 11200680.3,
                      "percentilesByFacet": {
                        "p0": 500000,
                        "p10": 5500000,
                        "p25": 7500000,
                        "p50": 9500000,
                        "p75": 13000000,
                        "p90": 19500000,
                        "p100": 29500000
                      },
                      "facetBuckets": [
                        {
                          "id": "range_3000000_to_5999999",
                          "count": 16,
                          "percentageBucket": 10.32
                        },
                        {
                          "id": "range_6000000_to_8999999",
                          "count": 42,
                          "percentageBucket": 27.1
                        },
                        {
                          "id": "range_9000000_to_11999999",
                          "count": 39,
                          "percentageBucket": 25.16
                        },
                        {
                          "id": "range_12000000_to_14999999",
                          "count": 19,
                          "percentageBucket": 12.27
                        },
                        {
                          "id": "range_15000000_to_19999999",
                          "count": 13,
                          "percentageBucket": 8.4
                        },
                        {
                          "id": "insufficient_data",
                          "count": 34,
                          "percentageBucket": 22
                        }
                      ]
                    },
                    {
                      "count": 64,
                      "id": "fully_remote",
                      "percentageQuestion": 15.53,
                      "percentageSurvey": 13.94,
                      "averageByFacet": 10926229.5,
                      "percentilesByFacet": {
                        "p0": 2500000,
                        "p10": 4500000,
                        "p25": 6500000,
                        "p50": 8500000,
                        "p75": 12500000,
                        "p90": 20500000,
                        "p100": 29500000
                      },
                      "facetBuckets": [
                        {
                          "id": "range_3000000_to_5999999",
                          "count": 10,
                          "percentageBucket": 15.63
                        },
                        {
                          "id": "range_6000000_to_8999999",
                          "count": 20,
                          "percentageBucket": 31.25
                        },
                        {
                          "id": "range_9000000_to_11999999",
                          "count": 12,
                          "percentageBucket": 18.75
                        },
                        {
                          "id": "insufficient_data",
                          "count": 25,
                          "percentageBucket": 39
                        }
                      ]
                    },
                    {
                      "count": 390,
                      "id": "overall",
                      "percentageQuestion": 94.66,
                      "percentageSurvey": 84.97,
                      "averageByFacet": 10294871.8,
                      "percentilesByFacet": {
                        "p0": 500000,
                        "p10": 4500000,
                        "p25": 6500000,
                        "p50": 8500000,
                        "p75": 12500000,
                        "p90": 19500000,
                        "p100": 29500000
                      },
                      "facetBuckets": [
                        {
                          "id": "range_under_2999999",
                          "count": 15,
                          "percentageBucket": 3.84
                        },
                        {
                          "id": "range_3000000_to_5999999",
                          "count": 72,