{
  "dataAPI": {
    "surveys": {
      "tokyodev": {
        "td2024": {
          "user_info": {
            "reason_for_relocation_vs_salary": {
              "responses": {
                "currentEdition": {
                  "completion": {
                    "count": 434,
                    "percentageSurvey": 94.55,
                    "total": 459
                  },
                  "buckets": [
                    {
                      "count": 27,
                      "id": "sent_by_company",
                      "percentageQuestion": 6.22,
                      "percentageSurvey": 5.88,
                      "averageByFacet": 14820000,
                      "percentilesByFacet": {
                        "p0": 1500000,
                        "p10": 4500000,
                        "p25": 8500000,
                        "p50": 14500000,
                        "p75": 21500000,
                        "p90": 24700000.000000004,
                        "p100": 29500000
                      },
                      "facetBuckets": [
                        {
                          "id": "insufficient_data",
                          "count": 29,
                          "percentageBucket": 107
                        }
                      ]
                    },
                    {
                      "count": 217,
                      "id": "sponsored_by_company",
                      "percentageQuestion": 50,
                      "percentageSurvey": 47.28,
                      "averageByFacet": 10931578.9,
                      "percentilesByFacet": {
                        "p0": 1500000,
                        "p10": 4500000,
                        "p25": 6500000,
                        "p50": 9500000,
                        "p75": 13500000,
                        "p90": 19599999.999999993,
                        "p100": 29500000
                      },
                      "facetBuckets": [
                        {
                          "id": "range_3000000_to_5999999",
                          "count": 29,
                          "percentageBucket": 13.37
                        },
                        {
                          "id": "range_6000000_to_8999999",
                          "count": 51,
                          "percentageBucket": 23.5
                        },
                        {
                          "id": "range_9000000_to_11999999",
                          "count": 44,
                          "percentageBucket": 20.27
                        },
                        {
                          "id": "range_12000000_to_14999999",
                          "count": 27,
                          "percentageBucket": 12.45
                        },
                        {
                          "id": "range_15000000_to_19999999",
                          "count": 15,
                          "percentageBucket": 6.91
                        },
                        {
                          "id": "range_over_20000000",
                          "count": 13,
                          "percentageBucket": 5.98
                        },
                        {
                          "id": "no_answer",
                          "count": 27,
                          "percentageBucket": 12.44
                        },
                        {
                          "id": "insufficient_data",
                          "count": 11,
                          "percentageBucket": 5
                        }
                      ]
                    },
                    {
                      "count": 11,
                      "id": "tourist",
                      "percentageQuestion": 2.53,
                      "percentageSurvey": 2.4,
                      "entity": {
                        "id": "tourist",
                        "entityType": "default"
                      },
                      "averageByFacet": 10125000,
                      "percentilesByFacet": {
                        "p0": 2500000,
                        "p10": 3200000,
                        "p25": 7250000,
                        "p50": 9000000,
                        "p75": 9500000,
                        "p90": 15499999.999999996,
                        "p100": 29500000
                      },
                      "facetBuckets": [
                        {
                          "id": "insufficient_data",
                          "count": 14,
                          "percentageBucket": 127
                        }
                      ]
                    },
                    {
                      "count": 49,
                      "id": "dependent",
                      "percentageQuestion": 11.29,
                      "percentageSurvey": 10.68,
                      "averageByFacet": 10447368.4,
                      "percentilesByFacet": {
                        "p0": 500000,
                        "p10": 4200000,
                        "p25": 6500000,
                        "p50": 8500000,
                        "p75": 11250000,
                        "p90": 21700000.00000002,
                        "p100": 29500000
                      },
                      "facetBuckets": [
                        {
                          "id": "range_6000000_to_8999999",
                          "count": 16,
                          "percentageBucket": 32.64
                        },
                        {
                          "id": "no_answer",
                          "count": 11,
                          "percentageBucket": 22.45
                        },
                        {
                          "id": "insufficient_data",
                          "count": 22,
                          "percentageBucket": 45
                        }
                      ]
                    },
                    {
                      "count": 390,
                      "id": "overall",
                      "percentageQuestion": 89.86,
                      "percentageSurvey": 84.97,
                      "averageByFacet": 10294871.8,
                      "percentilesByFacet": {
                        "p0": 500000,
                        "p10": 4500000,
                        "p25": 6500000,
                        "p50": 8500000,
                        "p75": 12500000,
                        "p90": 19500000,
                        "p100": 29500000
                      },
                      "facetBuckets": [
                        {
                          "id": "range_under_2999999",
                          "count": 15,
                          "percentageBucket": 3.84
                        },
                        {
                          "id": "range_3000000_to_5999999",
                          "count": 72,
                          "percentageBucket": 18.46
                        },
                        {
                          "id": "range_6000000_to_8999999",
                          "count": 116,
                          "percentageBucket": 29.74
                        },
                        {
                          "id": "range_9000000_to_11999999",
                          "count": 84,
                          "percentageBucket": 21.54
                        },
                        {
                          "id": "range_12000000_to_14999999",
                          "count": 42,
                          "percentageBucket": 10.77
                        },
                        {
                          "id": "range_15000000_to_19999999",
                          "count": 24,
                          "percentageBucket": 6.15
                        },
                        {
                          "id": "range_over_20000000",
                          "count": 25,