{
  "dataAPI": {
    "surveys": {
      "tokyodev": {
        "td2024": {
          "other": {
            "life_in_japan__housing_vs_salary": {
              "responses": {
                "currentEdition": {
                  "completion": {
                    "count": 592,
                    "percentageSurvey": 83.15,
                    "total": 712
                  },
                  "average": 2.8,
                  "percentiles": {
                    "p50": 3
                  },
                  "buckets": [
                    {
                      "count": 19,
                      "id": "0",
                      "percentageQuestion": 3.21,
                      "percentageSurvey": 2.67,
                      "averageByFacet": 8657894.7,
                      "percentilesByFacet": {
                        "p0": 3500000,
                        "p10": 5100000,
                        "p25": 6500000,
                        "p50": 7500000,
                        "p75": 10000000,
                        "p90": 10899999.999999998,
                        "p100": 24500000
                      },
                      "facetBuckets": [
                        {
                          "id": "insufficient_data",
                          "count": 19,
                          "percentageBucket": 100
                        }
                      ]
                    },
                    {
                      "count": 50,
                      "id": "1",
                      "percentageQuestion": 8.45,
                      "percentageSurvey": 7.02,
                      "averageByFacet": 9895348.8,
                      "percentilesByFacet": {
                        "p0": 3500000,
                        "p10": 4500000,
                        "p25": 5500000,
                        "p50": 9500000,
                        "p75": 12000000,
                        "p90": 15100000.00000001,
                        "p100": 29500000
                      },
                      "facetBuckets": [
                        {
                          "id": "range_3000000_to_5999999",
                          "count": 14,
                          "percentageBucket": 28
                        },
                        {
                          "id": "range_9000000_to_11999999",
                          "count": 11,
                          "percentageBucket": 22
                        },
                        {
                          "id": "insufficient_data",
                          "count": 32,
                          "percentageBucket": 64
                        }
                      ]
                    },
                    {
                      "count": 110,
                      "id": "2",
                      "percentageQuestion": 18.58,
                      "percentageSurvey": 15.45,
                      "averageByFacet": 9935643.6,
                      "percentilesByFacet": {
                        "p0": 500000,
                        "p10": 4500000,
                        "p25": 5500000,
                        "p50": 8500000,
                        "p75": 10500000,
                        "p90": 17500000,
                        "p100": 29500000
                      },
                      "facetBuckets": [
                        {
                          "id": "range_3000000_to_5999999",
                          "count": 23,
                          "percentageBucket": 20.91
                        },
                        {
                          "id": "range_6000000_to_8999999",
                          "count": 31,
                          "percentageBucket": 28.19
                        },
                        {
                          "id": "range_9000000_to_11999999",
                          "count": 20,
                          "percentageBucket": 18.18
                        },
                        {
                          "id": "insufficient_data",
                          "count": 45,
                          "percentageBucket": 41
                        }
                      ]
                    },
                    {
                      "count": 278,
                      "id": "3",
                      "percentageQuestion": 46.96,
                      "percentageSurvey": 39.04,
                      "averageByFacet": 10549618.3,
                      "percentilesByFacet": {
                        "p0": 500000,
                        "p10": 4500000,
                        "p25": 6500000,
                        "p50": 8500000,
                        "p75": 12500000,
                        "p90": 19400000.000000007,
                        "p100": 29500000
                      },
                      "facetBuckets": [
                        {
                          "id": "range_under_2999999",
                          "count": 11,
                          "percentageBucket": 3.96
                        },
                        {
                          "id": "range_3000000_to_5999999",
                          "count": 38,
                          "percentageBucket": 13.68
                        },
                        {
                          "id": "range_6000000_to_8999999",
                          "count": 84,
                          "percentageBucket": 30.21
                        },
                        {
                          "id": "range_9000000_to_11999999",
                          "count": 52,
                          "percentageBucket": 18.7
                        },
                        {
                          "id": "range_12000000_to_14999999",
                          "count": 33,
                          "percentageBucket": 11.88
                        },
                        {
                          "id": "range_15000000_to_19999999",
                          "count": 19,
                          "percentageBucket": 6.84
                        },
                        {
                          "id": "range_over_20000000",
                          "count": 15,
                          "percentageBucket": 5.4
                        },
                        {
                          "id": "no_answer",
                          "count": 16,
                          "percentageBucket": 5.76
                        },
                        {
                          "id": "insufficient_data",
                          "count": 10,
                          "percentageBucket": 4
                        }
                      ]
                    },
                    {
                      "count": 135,
                      "id": "4",
                      "percentageQuestion": 22.8,
                      "percentageSurvey": 18.96,
                      "averageByFacet": 12120967.7,
                      "percentilesByFacet": {
                        "p0": 500000,
                        "p10": 4500000,
                        "p25": 7500000,
                        "p50": 10500000,
                        "p75": 15500000,
                        "p90": 23200000.000000004,
                        "p100": 29500000
                      },
                      "facetBuckets": [
                        {
                          "id": "range_3000000_to_5999999",
                          "count": 16,
                          "percentageBucket": 11.85
                        },
                        {
                          "id": "range_6000000_to_8999999",
                          "count": 30,
                          "percentageBucket": 22.23
                        },
                        {
                          "id": "range_9000000_to_11999999",
                          "count": 25,