{
  "dataAPI": {
    "surveys": {
      "tokyodev": {
        "td2024": {
          "other": {
            "life_in_japan__family_life_vs_salary": {
              "responses": {
                "currentEdition": {
                  "completion": {
                    "count": 594,
                    "percentageSurvey": 83.43,
                    "total": 712
                  },
                  "average": 2.8,
                  "percentiles": {
                    "p50": 3
                  },
                  "buckets": [
                    {
                      "count": 30,
                      "id": "0",
                      "percentageQuestion": 5.05,
                      "percentageSurvey": 4.21,
                      "averageByFacet": 9100000,
                      "percentilesByFacet": {
                        "p0": 500000,
                        "p10": 3400000.0000000005,
                        "p25": 6500000,
                        "p50": 8000000,
                        "p75": 11500000,
                        "p90": 13600000.000000002,
                        "p100": 29500000
                      },
                      "facetBuckets": [
                        {
                          "id": "range_6000000_to_8999999",
                          "count": 11,
                          "percentageBucket": 36.67
                        },
                        {
                          "id": "insufficient_data",
                          "count": 19,
                          "percentageBucket": 63
                        }
                      ]
                    },
                    {
                      "count": 55,
                      "id": "1",
                      "percentageQuestion": 9.26,
                      "percentageSurvey": 7.72,
                      "averageByFacet": 8653846.2,
                      "percentilesByFacet": {
                        "p0": 3500000,
                        "p10": 4500000,
                        "p25": 5500000,
                        "p50": 7500000,
                        "p75": 10500000,
                        "p90": 14299999.999999996,
                        "p100": 29500000
                      },
                      "facetBuckets": [
                        {
                          "id": "range_3000000_to_5999999",
                          "count": 19,
                          "percentageBucket": 34.55
                        },
                        {
                          "id": "range_6000000_to_8999999",
                          "count": 15,
                          "percentageBucket": 27.27
                        },
                        {
                          "id": "insufficient_data",
                          "count": 24,
                          "percentageBucket": 44
                        }
                      ]
                    },
                    {
                      "count": 117,
                      "id": "2",
                      "percentageQuestion": 19.7,
                      "percentageSurvey": 16.43,
                      "averageByFacet": 9053398.1,
                      "percentilesByFacet": {
                        "p0": 500000,
                        "p10": 3500000,
                        "p25": 6000000,
                        "p50": 8500000,
                        "p75": 10500000,
                        "p90": 14500000,
                        "p100": 29500000
                      },
                      "facetBuckets": [
                        {
                          "id": "range_3000000_to_5999999",
                          "count": 20,
                          "percentageBucket": 17.09
                        },
                        {
                          "id": "range_6000000_to_8999999",
                          "count": 38,
                          "percentageBucket": 32.48
                        },
                        {
                          "id": "range_9000000_to_11999999",
                          "count": 18,
                          "percentageBucket": 15.38
                        },
                        {
                          "id": "range_12000000_to_14999999",
                          "count": 11,
                          "percentageBucket": 9.4
                        },
                        {
                          "id": "no_answer",
                          "count": 14,
                          "percentageBucket": 11.97
                        },
                        {
                          "id": "insufficient_data",
                          "count": 16,
                          "percentageBucket": 14
                        }
                      ]
                    },
                    {
                      "count": 209,
                      "id": "3",
                      "percentageQuestion": 35.19,
                      "percentageSurvey": 29.35,
                      "averageByFacet": 11494898,
                      "percentilesByFacet": {
                        "p0": 1500000,
                        "p10": 4500000,
                        "p25": 7500000,
                        "p50": 9500000,
                        "p75": 14500000,
                        "p90": 22500000,
                        "p100": 29500000
                      },
                      "facetBuckets": [
                        {
                          "id": "range_3000000_to_5999999",
                          "count": 31,
                          "percentageBucket": 14.83
                        },
                        {
                          "id": "range_6000000_to_8999999",
                          "count": 50,
                          "percentageBucket": 23.92
                        },
                        {
                          "id": "range_9000000_to_11999999",
                          "count": 45,
                          "percentageBucket": 21.53
                        },
                        {
                          "id": "range_12000000_to_14999999",
                          "count": 20,
                          "percentageBucket": 9.57
                        },
                        {
                          "id": "range_15000000_to_19999999",
                          "count": 21,
                          "percentageBucket": 10.05
                        },
                        {
                          "id": "range_over_20000000",
                          "count": 14,
                          "percentageBucket": 6.71
                        },
                        {
                          "id": "no_answer",
                          "count": 13,
                          "percentageBucket": 6.22
                        },
                        {
                          "id": "insufficient_data",
                          "count": 15,
                          "percentageBucket": 7
                        }
                      ]
                    },
                    {
                      "count": 183,
                      "id": "4",
                      "percentageQuestion": 30.81,
                      "percentageSurvey": 25.7,
                      "averageByFacet": 11541176.5,
                      "percentilesByFacet": {
                        "p0": 500000,
                        "p10": 4500000,
                        "p25": 7500000,
                        "p50": 10000000,
                        "p75": 14250000,
                        "p90": 21500000,
                        "p100": 29500000
                      },
                      "facetBuckets": [
                        {
                          "id": "range_3000000_to_5999999",
                          "count": 24,