{
  "dataAPI": {
    "surveys": {
      "tokyodev": {
        "td2024": {
          "employer_info": {
            "remote_work_policy_vs_salary": {
              "responses": {
                "currentEdition": {
                  "completion": {
                    "count": 707,
                    "percentageSurvey": 86.86,
                    "total": 814
                  },
                  "buckets": [
                    {
                      "count": 62,
                      "id": "no_remote_work",
                      "percentageQuestion": 8.77,
                      "percentageSurvey": 7.62,
                      "averageByFacet": 6336363.6,
                      "percentilesByFacet": {
                        "p0": 500000,
                        "p10": 2900000.0000000005,
                        "p25": 3500000,
                        "p50": 5500000,
                        "p75": 7500000,
                        "p90": 10500000,
                        "p100": 24500000
                      },
                      "facetBuckets": [
                        {
                          "id": "range_3000000_to_5999999",
                          "count": 27,
                          "percentageBucket": 43.55
                        },
                        {
                          "id": "range_6000000_to_8999999",
                          "count": 11,
                          "percentageBucket": 17.74
                        },
                        {
                          "id": "insufficient_data",
                          "count": 31,
                          "percentageBucket": 50
                        }
                      ]
                    },
                    {
                      "count": 265,
                      "id": "hybrid",
                      "percentageQuestion": 37.48,
                      "percentageSurvey": 32.56,
                      "averageByFacet": 10552000,
                      "percentilesByFacet": {
                        "p0": 500000,
                        "p10": 4500000,
                        "p25": 6500000,
                        "p50": 8500000,
                        "p75": 13250000,
                        "p90": 19599999.999999993,
                        "p100": 29500000
                      },
                      "facetBuckets": [
                        {
                          "id": "range_3000000_to_5999999",
                          "count": 45,
                          "percentageBucket": 16.98
                        },
                        {
                          "id": "range_6000000_to_8999999",
                          "count": 74,
                          "percentageBucket": 27.92
                        },
                        {
                          "id": "range_9000000_to_11999999",
                          "count": 44,
                          "percentageBucket": 16.61
                        },
                        {
                          "id": "range_12000000_to_14999999",
                          "count": 29,
                          "percentageBucket": 10.94
                        },
                        {
                          "id": "range_15000000_to_19999999",
                          "count": 24,
                          "percentageBucket": 9.06
                        },
                        {
                          "id": "range_20000000_to_29999999",
                          "count": 19,
                          "percentageBucket": 7.17
                        },
                        {
                          "id": "no_answer",
                          "count": 15,
                          "percentageBucket": 5.66
                        },
                        {
                          "id": "insufficient_data",
                          "count": 15,
                          "percentageBucket": 6
                        }
                      ]
                    },
                    {
                      "count": 268,
                      "id": "up_to_employee",
                      "percentageQuestion": 37.91,
                      "percentageSurvey": 32.92,
                      "averageByFacet": 11020000,
                      "percentilesByFacet": {
                        "p0": 500000,
                        "p10": 4500000,
                        "p25": 7500000,
                        "p50": 9500000,
                        "p75": 12500000,
                        "p90": 19500000,
                        "p100": 29500000
                      },
                      "facetBuckets": [
                        {
                          "id": "range_3000000_to_5999999",
                          "count": 32,
                          "percentageBucket": 11.94
                        },
                        {
                          "id": "range_6000000_to_8999999",
                          "count": 70,
                          "percentageBucket": 26.12
                        },
                        {
                          "id": "range_9000000_to_11999999",
                          "count": 66,
                          "percentageBucket": 24.62
                        },
                        {
                          "id": "range_12000000_to_14999999",
                          "count": 31,
                          "percentageBucket": 11.57
                        },
                        {
                          "id": "range_15000000_to_19999999",
                          "count": 23,
                          "percentageBucket": 8.59
                        },
                        {
                          "id": "range_20000000_to_29999999",
                          "count": 11,
                          "percentageBucket": 4.1
                        },
                        {
                          "id": "range_30000000_to_49999999",
                          "count": 10,
                          "percentageBucket": 3.73
                        },
                        {
                          "id": "no_answer",
                          "count": 18,
                          "percentageBucket": 6.72
                        },
                        {
                          "id": "insufficient_data",
                          "count": 7,
                          "percentageBucket": 3
                        }
                      ]
                    },
                    {
                      "count": 112,
                      "id": "fully_remote",
                      "percentageQuestion": 15.84,
                      "percentageSurvey": 13.76,
                      "averageByFacet": 10686915.9,
                      "percentilesByFacet": {
                        "p0": 500000,
                        "p10": 4100000.0000000014,
                        "p25": 5500000,
                        "p50": 8500000,
                        "p75": 12500000,
                        "p90": 23900000.000000007,
                        "p100": 29500000
                      },
                      "facetBuckets": [
                        {
                          "id": "range_3000000_to_5999999",
                          "count": 23,
                          "percentageBucket": 20.54
                        },
                        {
                          "id": "range_6000000_to_8999999",
                          "count": 34,
                          "percentageBucket": 30.35
                        },
                        {
                          "id": "range_9000000_to_11999999",
                          "count": 16,
                          "percentageBucket": 14.29
                        },
                        {
                          "id": "insufficient_data",
                          "count": 44,