{
  "dataAPI": {
    "surveys": {
      "tokyodev": {
        "td2023": {
          "other": {
            "life_in_japan__housing_vs_salary": {
              "responses": {
                "currentEdition": {
                  "completion": {
                    "count": 587,
                    "percentageSurvey": 82.21,
                    "total": 714
                  },
                  "average": 2.7,
                  "percentiles": {
                    "p50": 3
                  },
                  "buckets": [
                    {
                      "count": 20,
                      "id": "0",
                      "percentageQuestion": 3.41,
                      "percentageSurvey": 2.8,
                      "averageByFacet": 12055555.6,
                      "percentilesByFacet": {
                        "p0": 3500000,
                        "p10": 5200000,
                        "p25": 6500000,
                        "p50": 10500000,
                        "p75": 13500000,
                        "p90": 23200000.000000007,
                        "p100": 30500000
                      },
                      "facetBuckets": [
                        {
                          "id": "insufficient_data",
                          "count": 22,
                          "percentageBucket": 110
                        }
                      ]
                    },
                    {
                      "count": 55,
                      "id": "1",
                      "percentageQuestion": 9.37,
                      "percentageSurvey": 7.7,
                      "averageByFacet": 9981481.5,
                      "percentilesByFacet": {
                        "p0": 500000,
                        "p10": 3800000.000000001,
                        "p25": 6500000,
                        "p50": 8000000,
                        "p75": 12500000,
                        "p90": 16200000.000000004,
                        "p100": 30500000
                      },
                      "facetBuckets": [
                        {
                          "id": "range_6000000_to_8999999",
                          "count": 19,
                          "percentageBucket": 34.55
                        },
                        {
                          "id": "insufficient_data",
                          "count": 37,
                          "percentageBucket": 67
                        }
                      ]
                    },
                    {
                      "count": 124,
                      "id": "2",
                      "percentageQuestion": 21.12,
                      "percentageSurvey": 17.37,
                      "averageByFacet": 9457265,
                      "percentilesByFacet": {
                        "p0": 500000,
                        "p10": 4500000,
                        "p25": 5500000,
                        "p50": 8500000,
                        "p75": 10500000,
                        "p90": 15500000,
                        "p100": 30500000
                      },
                      "facetBuckets": [
                        {
                          "id": "range_3000000_to_5999999",
                          "count": 28,
                          "percentageBucket": 22.58
                        },
                        {
                          "id": "range_6000000_to_8999999",
                          "count": 36,
                          "percentageBucket": 29.03
                        },
                        {
                          "id": "range_9000000_to_11999999",
                          "count": 25,
                          "percentageBucket": 20.17
                        },
                        {
                          "id": "insufficient_data",
                          "count": 42,
                          "percentageBucket": 34
                        }
                      ]
                    },
                    {
                      "count": 244,
                      "id": "3",
                      "percentageQuestion": 41.57,
                      "percentageSurvey": 34.17,
                      "averageByFacet": 10326839.8,
                      "percentilesByFacet": {
                        "p0": 500000,
                        "p10": 4500000,
                        "p25": 5500000,
                        "p50": 7500000,
                        "p75": 12500000,
                        "p90": 20500000,
                        "p100": 30500000
                      },
                      "facetBuckets": [
                        {
                          "id": "range_3000000_to_5999999",
                          "count": 64,
                          "percentageBucket": 26.24
                        },
                        {
                          "id": "range_6000000_to_8999999",
                          "count": 66,
                          "percentageBucket": 27.06
                        },
                        {
                          "id": "range_9000000_to_11999999",
                          "count": 32,
                          "percentageBucket": 13.12
                        },
                        {
                          "id": "range_12000000_to_14999999",
                          "count": 26,
                          "percentageBucket": 10.66
                        },
                        {
                          "id": "range_15000000_to_19999999",
                          "count": 15,
                          "percentageBucket": 6.15
                        },
                        {
                          "id": "range_over_20000000",
                          "count": 25,
                          "percentageBucket": 10.25
                        },
                        {
                          "id": "no_answer",
                          "count": 13,
                          "percentageBucket": 5.33
                        },
                        {
                          "id": "insufficient_data",
                          "count": 16,
                          "percentageBucket": 7
                        }
                      ]
                    },
                    {
                      "count": 144,
                      "id": "4",
                      "percentageQuestion": 24.53,
                      "percentageSurvey": 20.17,
                      "averageByFacet": 10449640.3,
                      "percentilesByFacet": {
                        "p0": 500000,
                        "p10": 3500000,
                        "p25": 6500000,
                        "p50": 8500000,
                        "p75": 12500000,
                        "p90": 18500000,
                        "p100": 30500000
                      },
                      "facetBuckets": [
                        {
                          "id": "range_3000000_to_5999999",
                          "count": 26,
                          "percentageBucket": 18.06
                        },
                        {
                          "id": "range_6000000_to_8999999",
                          "count": 37,
                          "percentageBucket": 25.69
                        },
                        {
                          "id": "range_9000000_to_11999999",
                          "count": 24,
                          "percentageBucket": 16.67
                        },
                        {
                          "id": "range_12000000_to_14999999",
                          "count": 21,
                          "percentageBucket": 14.59
                        },
                        {
                          "id": "range_15000000_to_19999999",
                          "count": 12,