{
  "dataAPI": {
    "surveys": {
      "tokyodev": {
        "td2023": {
          "other": {
            "life_in_japan__social_life_vs_salary": {
              "responses": {
                "currentEdition": {
                  "completion": {
                    "count": 587,
                    "percentageSurvey": 82.21,
                    "total": 714
                  },
                  "average": 2.5,
                  "percentiles": {
                    "p50": 3
                  },
                  "buckets": [
                    {
                      "count": 24,
                      "id": "0",
                      "percentageQuestion": 4.09,
                      "percentageSurvey": 3.36,
                      "averageByFacet": 11065217.4,
                      "percentilesByFacet": {
                        "p0": 3500000,
                        "p10": 4500000,
                        "p25": 6000000,
                        "p50": 8500000,
                        "p75": 13000000,
                        "p90": 20300000,
                        "p100": 30500000
                      },
                      "facetBuckets": [
                        {
                          "id": "insufficient_data",
                          "count": 25,
                          "percentageBucket": 104
                        }
                      ]
                    },
                    {
                      "count": 78,
                      "id": "1",
                      "percentageQuestion": 13.29,
                      "percentageSurvey": 10.92,
                      "averageByFacet": 9878378.4,
                      "percentilesByFacet": {
                        "p0": 500000,
                        "p10": 4800000.000000001,
                        "p25": 6500000,
                        "p50": 9500000,
                        "p75": 12250000,
                        "p90": 16200000.000000004,
                        "p100": 30500000
                      },
                      "facetBuckets": [
                        {
                          "id": "range_3000000_to_5999999",
                          "count": 16,
                          "percentageBucket": 20.51
                        },
                        {
                          "id": "range_6000000_to_8999999",
                          "count": 18,
                          "percentageBucket": 23.08
                        },
                        {
                          "id": "range_9000000_to_11999999",
                          "count": 19,
                          "percentageBucket": 24.36
                        },
                        {
                          "id": "range_12000000_to_14999999",
                          "count": 10,
                          "percentageBucket": 12.81
                        },
                        {
                          "id": "insufficient_data",
                          "count": 19,
                          "percentageBucket": 24
                        }
                      ]
                    },
                    {
                      "count": 177,
                      "id": "2",
                      "percentageQuestion": 30.15,
                      "percentageSurvey": 24.79,
                      "averageByFacet": 10121301.8,
                      "percentilesByFacet": {
                        "p0": 500000,
                        "p10": 4500000,
                        "p25": 5500000,
                        "p50": 8500000,
                        "p75": 12500000,
                        "p90": 17700000.00000002,
                        "p100": 30500000
                      },
                      "facetBuckets": [
                        {
                          "id": "range_3000000_to_5999999",
                          "count": 37,
                          "percentageBucket": 20.9
                        },
                        {
                          "id": "range_6000000_to_8999999",
                          "count": 52,
                          "percentageBucket": 29.38
                        },
                        {
                          "id": "range_9000000_to_11999999",
                          "count": 30,
                          "percentageBucket": 16.94
                        },
                        {
                          "id": "range_12000000_to_14999999",
                          "count": 19,
                          "percentageBucket": 10.72
                        },
                        {
                          "id": "range_15000000_to_19999999",
                          "count": 11,
                          "percentageBucket": 6.21
                        },
                        {
                          "id": "range_over_20000000",
                          "count": 14,
                          "percentageBucket": 7.89
                        },
                        {
                          "id": "insufficient_data",
                          "count": 22,
                          "percentageBucket": 12
                        }
                      ]
                    },
                    {
                      "count": 212,
                      "id": "3",
                      "percentageQuestion": 36.12,
                      "percentageSurvey": 29.69,
                      "averageByFacet": 10340000,
                      "percentilesByFacet": {
                        "p0": 500000,
                        "p10": 3500000,
                        "p25": 5500000,
                        "p50": 8500000,
                        "p75": 12750000,
                        "p90": 18599999.999999993,
                        "p100": 30500000
                      },
                      "facetBuckets": [
                        {
                          "id": "range_3000000_to_5999999",
                          "count": 46,
                          "percentageBucket": 21.7
                        },
                        {
                          "id": "range_6000000_to_8999999",
                          "count": 59,
                          "percentageBucket": 27.83
                        },
                        {
                          "id": "range_9000000_to_11999999",
                          "count": 25,
                          "percentageBucket": 11.79
                        },
                        {
                          "id": "range_12000000_to_14999999",
                          "count": 27,
                          "percentageBucket": 12.73
                        },
                        {
                          "id": "range_15000000_to_19999999",
                          "count": 16,
                          "percentageBucket": 7.55
                        },
                        {
                          "id": "range_over_20000000",
                          "count": 19,
                          "percentageBucket": 8.94
                        },
                        {
                          "id": "no_answer",
                          "count": 12,
                          "percentageBucket": 5.66
                        },
                        {
                          "id": "insufficient_data",
                          "count": 20,
                          "percentageBucket": 9
                        }
                      ]
                    },
                    {
                      "count": 96,
                      "id": "4",
                      "percentageQuestion": 16.35,
                      "percentageSurvey": 13.45,
                      "averageByFacet": 10123655.9,
                      "percentilesByFacet": {
                        "p0": 1500000,
                        "p10": 4500000,
                        "p25": 5500000,
                        "p50": 7500000,